
USE aluguel;

-- DML População com dados de testes ou "reais"
INSERT INTO funcionario (matricula, nome) VALUES
(48482, 'Osvaldo Oliveira'),
(48542, 'Jaqueline Teixeira'),
(48522, 'Keli Matos'),
(48502, 'Ursula Souza'),
(48562, 'Evandro Silva');

INSERT INTO telefone (matricula, numero) VALUES
(48482, '19-72077-0521'),
(48482, '19-06078-6843'),
(48542, '19-23003-4864'),
(48522, '19-06486-6449'),
(48522, '19-53266-7923'),
(48502, '19-64378-2404'),
(48562, '19-53315-2734');

INSERT INTO veiculo (placa, modelo, marca, diaria) VALUES
('DEA-7981', 'Uno', 'Fiat', 100),
('CBC-4945', 'Fiorino', 'Fiat', 100),
('BEE-7735', 'Saveiro', 'VW', 200),
('CBA-4403', 'Sandeiro', 'Renaut', 120),
('BBC-8504', 'Palio', 'Fiat', 100),
('BEB-5885', 'Gol', 'VW', 200),
('EDB-2475', 'Ranger', 'Ford', 120);

INSERT INTO reserva (id, reserva, retirada, devolucao, dias, placa, status, subtotal) VALUES
(1, '2023-02-25', '2023-03-04', '04/02/2024', 10, 'DEA-7981','concluido', '969,00'),
(2, '2023-03-13', '2023-03-21', '04/02/2024', 15, 'CBC-4945','concluido', '1000,00'),
(3, '2023-03-29', '2023-04-05', '03/03/2024', 20, 'BEE-7735','concluido', '369,00'),
(4, '2023-04-14', '2023-04-24', '24/03/2024', 13, 'CBA-4403','concluido', '969,00'),
(5, '2023-04-30', '2023-05-07', '04/04/2024', 9, 'BBC-8504','concluido', '890,00'),
(6, '2023-05-16', '2023-05-25', '04/02/2024', 12, 'BEB-5885','concluido', '969,00'),
(7, '2023-06-05', '2023-06-10', '04/06/2024', 12, 'EDB-2475','concluido', '969,00'),
(8, '2023-06-25', '2023-07-02', '04/08/2027', 12, 'CBC-4945','concluido', '369,00'),
(9, '2023-07-15', '2023-07-19', '04/02/2024', 22, 'EDB-2475','concluido', '1000,00'),
(10, '2023-08-04', '2023-08-10', '04/02/2024', 17, 'DEA-7981','concluido', '269,00'),
(11, '2023-08-24', '2023-08-31', '31/02/2024', 02, 'CBA-4403','concluido', '969,00'),
(12, '2023-08-27', '2023-09-04', '25/02/2024',  22, 'BBC-8504','concluido', '969,00'),
(13, '2023-08-30', '2023-09-04', '14/02/2024', 12, 'BEE-7735','concluido', '969,00'),
(14, '2023-09-02', '2023-09-07', '04/02/2024', 32, 'BEB-5885','concluido', '969,00');
